start,end,peptide_sequence,label,inex,peptide_id,time_point,delta,ph,label_text
2,8,ADQLTEE,0.166307,0.126067,NA,1,0.04024,7.4,
2,9,ADQLTEEQ,0.222202,0.239277,NA,1,-0.01707499999999998,7.4,
6,12,TEEQIAE,0.186619,0.175821,NA,1,0.010798000000000002,7.4,
6,13,TEEQIAEF,0.260682,0.222615,1,1,0.03806700000000002,7.4,
12,19,EFKEAFSL,0.241346,0.20564,5,1,0.035706000000000016,7.4,
14,20,KEAFSLF,0.188212,0.19285,NA,1,-0.004638000000000003,7.4,
18,37,SLFDKDGDGTITTKELGTVM,0.722591,0.752351,7,1,-0.02976000000000001,7.4,
19,37,LFDKDGDGTITTKELGTVM,0.501621,0.613434,NA,1,-0.11181300000000005,7.4,
20,29,FDKDGDGTIT,0.482115,0.49702,8,1,-0.014905000000000002,7.4,8
20,30,FDKDGDGTITT,0.530443,0.583355,9,1,-0.05291199999999996,7.4,
20,32,FDKDGDGTITTKE,0.60936,0.673293,NA,1,-0.06393300000000002,7.4,
20,35,FDKDGDGTITTKELGT,0.742127,0.721652,10,1,0.02047500000000002,7.4,
21,29,DKDGDGTIT,0.381569,0.387071,NA,1,-0.005502000000000007,7.4,
21,35,DKDGDGTITTKELGT,0.704462,0.712717,11,1,-0.008255000000000012,7.4,
21,37,DKDGDGTITTKELGTVM,0.615984,0.589607,12,1,0.026376999999999984,7.4,
28,35,ITTKELGT,0.27869,0.312064,NA,1,-0.033374000000000015,7.4,
35,46,TVMRSLGQNPTE,0.553579,0.467051,NA,1,0.08652800000000005,7.4,
36,46,VMRSLGQNPTE,0.513032,0.497909,14,1,0.015123000000000053,7.4,
36,48,VMRSLGQNPTEAE,0.606647,0.565629,NA,1,0.041018,7.4,
36,49,VMRSLGQNPTEAEL,0.623809,0.571116,15,1,0.05269299999999999,7.4,
37,46,MRSLGQNPTE,0.476666,0.447384,NA,1,0.029281999999999975,7.4,
38,48,RSLGQNPTEAE,0.452874,0.429554,17,1,0.023320000000000007,7.4,
38,51,RSLGQNPTEAELQD,0.637625,0.563918,19,1,0.07370699999999997,7.4,
50,66,QDMINEVDADGNGTIDF,0.503771,0.652123,21,1,-0.14835200000000004,7.4,
50,66,QDMINEVDADGNGTIDF,0.469606,0.644125,21,1,-0.17451899999999992,7.4,
53,66,INEVDADGNGTIDF,0.21996,0.346901,23,1,-0.12694100000000003,7.4,
55,66,EVDADGNGTIDF,0.315063,0.424337,24,1,-0.10927400000000004,7.4,
56,69,VDADGNGTIDFPEF,0.448708,0.511174,NA,1,-0.06246600000000002,7.4,
58,66,ADGNGTIDF,0.353896,0.374536,NA,1,-0.02063999999999999,7.4,
73,84,MARKMKDTDSEE,0.679572,0.727634,28,1,-0.04806200000000005,7.4,28
73,85,MARKMKDTDSEEE,0.871626,0.949682,29,1,-0.07805600000000001,7.4,
85,99,EIREAFRVFDKDGNG,0.56667,0.691707,33,1,-0.12503699999999995,7.4,
86,93,IREAFRVF,0.247271,0.212491,NA,1,0.03477999999999998,7.4,
86,99,IREAFRVFDKDGNG,0.568458,0.640768,34,1,-0.07230999999999999,7.4,
89,99,AFRVFDKDGNG,0.633175,0.61066,NA,1,0.022515000000000063,7.4,
89,103,AFRVFDKDGNGYISA,0.680078,0.576175,36,1,0.10390299999999997,7.4,
90,99,FRVFDKDGNG,0.628479,0.583101,37,1,0.04537800000000003,7.4,
90,103,FRVFDKDGNGYISA,0.590096,0.575904,38,1,0.014191999999999982,7.4,
94,103,DKDGNGYISA,0.567842,0.511233,42,1,0.05660899999999991,7.4,42
104,113,AELRHVMTNL,0.365331,0.367093,46,1,-0.0017619999999999858,7.4,
104,124,AELRHVMTNLGEKLTDEEVDE,0.242497,0.648399,49,1,-0.405902,7.4,
104,125,AELRHVMTNLGEKLTDEEVDEM,-0.01182,0.630082,50,1,-0.6419020000000001,7.4,
107,121,RHVMTNLGEKLTDEE,0.595851,0.71663,59,1,-0.12077899999999997,7.4,
114,125,GEKLTDEEVDEM,0.560219,0.585402,64,1,-0.025182999999999955,7.4,
124,139,EMIREADIDGDGQVNY,0.656228,0.621508,NA,1,0.034720000000000084,7.4,
125,135,MIREADIDGDG,0.627082,0.570848,NA,1,0.056234000000000006,7.4,
125,137,MIREADIDGDGQV,0.668832,0.66877,65,1,6.20000000000065e-5,7.4,
125,138,MIREADIDGDGQVN,0.656218,0.694621,66,1,-0.038403000000000076,7.4,
125,139,MIREADIDGDGQVNY,0.528191,0.607264,67,1,-0.07907300000000006,7.4,
125,141,MIREADIDGDGQVNYEE,0.679217,0.795826,68,1,-0.11660900000000007,7.4,
125,141,MIREADIDGDGQVNYEE,0.487521,0.805925,68,1,-0.318404,7.4,
126,133,IREADIDG,0.467851,0.492634,70,1,-0.024783,7.4,70
126,135,IREADIDGDG,0.529207,0.553459,71,1,-0.02425200000000005,7.4,
126,137,IREADIDGDGQV,0.648718,0.627307,72,1,0.02141100000000007,7.4,
126,138,IREADIDGDGQVN,0.653076,0.664703,73,1,-0.011627000000000054,7.4,
129,139,ADIDGDGQVNY,0.344166,0.368412,77,1,-0.02424599999999999,7.4,
129,141,ADIDGDGQVNYEE,0.476203,0.55154,78,1,-0.07533700000000004,7.4,
136,142,QVNYEEF,0.128428,0.163987,NA,1,-0.03555900000000001,7.4,
2,8,ADQLTEE,0.196339,0.192115,NA,10,0.0042240000000000055,7.4,
2,9,ADQLTEEQ,0.258379,0.307574,NA,10,-0.04919499999999999,7.4,
6,12,TEEQIAE,0.209467,0.201842,NA,10,0.007624999999999993,7.4,
6,13,TEEQIAEF,0.282229,0.271199,1,10,0.011029999999999984,7.4,
12,19,EFKEAFSL,0.235399,0.160786,5,10,0.07461299999999998,7.4,
14,20,KEAFSLF,0.254591,0.239647,NA,10,0.014944000000000013,7.4,
18,37,SLFDKDGDGTITTKELGTVM,0.862112,0.8817,7,10,-0.01958800000000005,7.4,
19,37,LFDKDGDGTITTKELGTVM,0.682457,0.711296,NA,10,-0.02883900000000006,7.4,
20,29,FDKDGDGTIT,0.551882,0.600832,8,10,-0.04895000000000005,7.4,8
20,30,FDKDGDGTITT,0.618058,0.687696,9,10,-0.06963799999999998,7.4,
20,32,FDKDGDGTITTKE,0.75196,0.78495,NA,10,-0.032990000000000075,7.4,
20,35,FDKDGDGTITTKELGT,0.856567,0.870078,10,10,-0.01351100000000005,7.4,
21,29,DKDGDGTIT,0.456286,0.580328,NA,10,-0.12404199999999993,7.4,
21,35,DKDGDGTITTKELGT,0.834245,0.852257,11,10,-0.018012000000000028,7.4,
21,37,DKDGDGTITTKELGTVM,0.753003,0.723732,12,10,0.029270999999999936,7.4,
28,35,ITTKELGT,0.332824,0.382487,NA,10,-0.04966300000000001,7.4,
35,46,TVMRSLGQNPTE,0.761552,0.621728,NA,10,0.13982400000000006,7.4,
36,46,VMRSLGQNPTE,0.724695,0.569611,14,10,0.155084,7.4,
36,48,VMRSLGQNPTEAE,0.59103000000000006,0.678816,NA,10,-0.08778599999999992,7.4,
36,49,VMRSLGQNPTEAEL,0.762084,0.660367,15,10,0.10171699999999995,7.4,
37,46,MRSLGQNPTE,0.63958,0.527502,NA,10,0.11207800000000001,7.4,
38,48,RSLGQNPTEAE,0.602938,0.521044,17,10,0.08189400000000002,7.4,
38,51,RSLGQNPTEAELQD,0.740615,0.707409,19,10,0.03320600000000007,7.4,
50,66,QDMINEVDADGNGTIDF,0.696055,0.744896,21,10,-0.04884100000000002,7.4,
50,66,QDMINEVDADGNGTIDF,0.62315,0.768652,21,10,-0.14550200000000002,7.4,
53,66,INEVDADGNGTIDF,0.361542,0.381779,23,10,-0.020237000000000005,7.4,
55,66,EVDADGNGTIDF,0.403556,0.415031,24,10,-0.011474999999999957,7.4,
56,69,VDADGNGTIDFPEF,0.53091,0.564531,NA,10,-0.03362100000000001,7.4,
58,66,ADGNGTIDF,0.434826,0.403858,NA,10,0.030967999999999996,7.4,
73,84,MARKMKDTDSEE,0.85255,0.841801,28,10,0.010749000000000009,7.4,28
73,85,MARKMKDTDSEEE,1.028247,1.089307,29,10,-0.061060000000000114,7.4,
85,99,EIREAFRVFDKDGNG,0.741271,0.78653,33,10,-0.04525899999999994,7.4,
86,93,IREAFRVF,0.303007,0.2162,NA,10,0.08680700000000002,7.4,
86,99,IREAFRVFDKDGNG,0.814044,0.781812,34,10,0.03223200000000004,7.4,
89,99,AFRVFDKDGNG,0.71433,0.697943,NA,10,0.01638700000000004,7.4,
89,103,AFRVFDKDGNGYISA,0.693384,0.677788,36,10,0.015596000000000054,7.4,
90,99,FRVFDKDGNG,0.684624,0.64558,37,10,0.03904399999999997,7.4,
90,103,FRVFDKDGNGYISA,0.715124,0.673082,38,10,0.042042000000000024,7.4,
94,103,DKDGNGYISA,0.716875,0.617724,42,10,0.09915099999999999,7.4,42
104,113,AELRHVMTNL,0.519897,0.435183,46,10,0.08471400000000007,7.4,
104,124,AELRHVMTNLGEKLTDEEVDE,0.629671,0.769304,49,10,-0.139633,7.4,
104,125,AELRHVMTNLGEKLTDEEVDEM,0.522225,0.534794,50,10,-0.012568999999999941,7.4,
107,121,RHVMTNLGEKLTDEE,0.679647,0.789596,59,10,-0.10994899999999996,7.4,
114,125,GEKLTDEEVDEM,0.642152,0.713248,64,10,-0.07109600000000005,7.4,
124,139,EMIREADIDGDGQVNY,0.71174,0.705458,NA,10,0.00628200000000001,7.4,
125,135,MIREADIDGDG,0.604,0.663802,NA,10,-0.05980200000000002,7.4,
125,137,MIREADIDGDGQV,0.718973,0.694577,65,10,0.024395999999999973,7.4,
125,138,MIREADIDGDGQVN,0.701629,0.696503,66,10,0.005125999999999964,7.4,
125,139,MIREADIDGDGQVNY,0.605495,0.597883,67,10,0.007611999999999952,7.4,
125,141,MIREADIDGDGQVNYEE,0.784009,0.838257,68,10,-0.054248000000000074,7.4,
125,141,MIREADIDGDGQVNYEE,0.660258,0.832727,68,10,-0.17246899999999998,7.4,
126,133,IREADIDG,0.497001,0.540772,70,10,-0.043771000000000004,7.4,70
126,135,IREADIDGDG,0.585156,0.594238,71,10,-0.009082000000000034,7.4,
126,137,IREADIDGDGQV,0.68189,0.676337,72,10,0.00555300000000003,7.4,
126,138,IREADIDGDGQVN,0.686138,0.711663,73,10,-0.02552500000000002,7.4,
129,139,ADIDGDGQVNY,0.355485,0.371475,77,10,-0.015990000000000004,7.4,
129,141,ADIDGDGQVNYEE,0.543006,0.554996,78,10,-0.011990000000000056,7.4,
136,142,QVNYEEF,0.139464,0.147567,NA,10,-0.008102999999999999,7.4,
2,8,ADQLTEE,0.366548,0.114403,NA,100,0.25214499999999995,7.4,
2,9,ADQLTEEQ,0.49566,0.28987,NA,100,0.20578999999999997,7.4,
6,12,TEEQIAE,0.309418,0.195864,NA,100,0.11355400000000002,7.4,
6,13,TEEQIAEF,0.430538,0.256552,1,100,0.17398599999999997,7.4,
12,19,EFKEAFSL,0.476495,0.180185,5,100,0.29630999999999996,7.4,
14,20,KEAFSLF,0.414014,0.225345,NA,100,0.188669,7.4,
18,37,SLFDKDGDGTITTKELGTVM,1.298913,0.861294,7,100,0.437619,7.4,
19,37,LFDKDGDGTITTKELGTVM,1.019105,0.575083,NA,100,0.4440219999999999,7.4,
20,29,FDKDGDGTIT,0.845022,0.558118,8,100,0.28690400000000005,7.4,8
20,30,FDKDGDGTITT,0.988258,0.634641,9,100,0.35361699999999996,7.4,
20,32,FDKDGDGTITTKE,1.400064,0.722217,NA,100,0.677847,7.4,
20,35,FDKDGDGTITTKELGT,1.417792,0.767563,10,100,0.650229,7.4,
21,29,DKDGDGTIT,0.743193,0.452447,NA,100,0.290746,7.4,
21,35,DKDGDGTITTKELGT,1.727915,0.815797,11,100,0.9121180000000001,7.4,
21,37,DKDGDGTITTKELGTVM,1.317101,0.643399,12,100,0.673702,7.4,
28,35,ITTKELGT,0.684059,0.283281,NA,100,0.40077799999999997,7.4,
35,46,TVMRSLGQNPTE,1.225221,0.584634,NA,100,0.6405869999999999,7.4,
36,46,VMRSLGQNPTE,1.008708,0.540271,14,100,0.468437,7.4,
36,48,VMRSLGQNPTEAE,1.454366,0.666192,NA,100,0.788174,7.4,
36,49,VMRSLGQNPTEAEL,1.148097,0.6297,15,100,0.5183969999999999,7.4,
37,46,MRSLGQNPTE,1.120671,0.475433,NA,100,0.645238,7.4,
38,48,RSLGQNPTEAE,1.536277,0.50032,17,100,1.0359569999999998,7.4,
38,51,RSLGQNPTEAELQD,1.312805,0.635377,19,100,0.677428,7.4,
50,66,QDMINEVDADGNGTIDF,0.743,0.631101,21,100,0.11189899999999997,7.4,
50,66,QDMINEVDADGNGTIDF,0.710209,0.64744,21,100,0.06276899999999996,7.4,
53,66,INEVDADGNGTIDF,0.597831,0.351716,23,100,0.24611500000000003,7.4,
55,66,EVDADGNGTIDF,0.684883,0.383069,24,100,0.301814,7.4,
56,69,VDADGNGTIDFPEF,0.665122,0.474354,NA,100,0.190768,7.4,
58,66,ADGNGTIDF,0.909491,0.376544,NA,100,0.5329470000000001,7.4,
73,84,MARKMKDTDSEE,1.682208,0.801462,28,100,0.8807459999999999,7.4,28
73,85,MARKMKDTDSEEE,1.748479,1.050257,29,100,0.6982219999999999,7.4,
85,99,EIREAFRVFDKDGNG,1.036964,0.61805,33,100,0.418914,7.4,
86,93,IREAFRVF,0.382542,0.239699,NA,100,0.142843,7.4,
86,99,IREAFRVFDKDGNG,1.035007,0.459868,34,100,0.5751390000000001,7.4,
89,99,AFRVFDKDGNG,0.963379,0.681393,NA,100,0.28198599999999996,7.4,
89,103,AFRVFDKDGNGYISA,0.982165,0.69996100000000006,36,100,0.2822039999999999,7.4,
90,99,FRVFDKDGNG,0.8864,0.637966,37,100,0.24843399999999993,7.4,
90,103,FRVFDKDGNGYISA,0.951201,0.627881,38,100,0.32331999999999994,7.4,
94,103,DKDGNGYISA,1.464221,0.591428,42,100,0.872793,7.4,42
104,113,AELRHVMTNL,0.851793,0.385015,46,100,0.466778,7.4,
104,124,AELRHVMTNLGEKLTDEEVDE,0.925202,0.485913,49,100,0.439289,7.4,
104,125,AELRHVMTNLGEKLTDEEVDEM,0.722097,0.195216,50,100,0.5268809999999999,7.4,
107,121,RHVMTNLGEKLTDEE,1.028298,0.739285,59,100,0.28901299999999996,7.4,
114,125,GEKLTDEEVDEM,0.90833,0.646427,64,100,0.261903,7.4,
124,139,EMIREADIDGDGQVNY,1.206001,0.694057,NA,100,0.5119440000000001,7.4,
125,135,MIREADIDGDG,0.901655,0.651598,NA,100,0.250057,7.4,
125,137,MIREADIDGDGQV,1.008634,0.694447,65,100,0.314187,7.4,
125,138,MIREADIDGDGQVN,1.089165,0.690101,66,100,0.399064,7.4,
125,139,MIREADIDGDGQVNY,0.916647,0.61886,67,100,0.297787,7.4,
125,141,MIREADIDGDGQVNYEE,1.123718,0.808721,68,100,0.31499699999999997,7.4,
125,141,MIREADIDGDGQVNYEE,1.043137,0.761367,68,100,0.28176999999999996,7.4,
126,133,IREADIDG,0.725454,0.503245,70,100,0.222209,7.4,70
126,135,IREADIDGDG,0.824318,0.572407,71,100,0.251911,7.4,
126,137,IREADIDGDGQV,1.014861,0.652206,72,100,0.36265500000000006,7.4,
126,138,IREADIDGDGQVN,1.137103,0.672253,73,100,0.46485,7.4,
129,139,ADIDGDGQVNY,0.636403,0.333331,77,100,0.30307200000000006,7.4,
129,141,ADIDGDGQVNYEE,0.849715,0.518552,78,100,0.331163,7.4,
136,142,QVNYEEF,0.31448,0.141195,NA,100,0.173285,7.4,
2,8,ADQLTEE,0.575376,0.666617,NA,1,-0.09124100000000002,9.4,
6,13,TEEQIAEF,0.572225,0.765964,1,1,-0.193739,9.4,
20,29,FDKDGDGTIT,1.071724,1.116001,8,1,-0.04427700000000012,9.4,8
20,30,FDKDGDGTITT,1.22018,1.28377,9,1,-0.06359000000000004,9.4,
20,35,FDKDGDGTITTKELGT,1.758313,1.846357,10,1,-0.08804400000000001,9.4,
21,35,DKDGDGTITTKELGT,1.642186,1.748216,11,1,-0.10603000000000007,9.4,
21,37,DKDGDGTITTKELGTVM,1.678315,1.50712,12,1,0.17119499999999999,9.4,
36,46,VMRSLGQNPTE,1.554429,1.286709,14,1,0.26771999999999996,9.4,
38,46,RSLGQNPTE,1.03535,1.085173,16,1,-0.04982299999999995,9.4,
38,48,RSLGQNPTEAE,1.241552,1.357558,17,1,-0.11600600000000005,9.4,
38,49,RSLGQNPTEAEL,1.348986,1.348283,18,1,7.030000000001202e-4,9.4,
38,51,RSLGQNPTEAELQD,1.560684,1.665713,19,1,-0.10502900000000004,9.4,
52,66,MINEVDADGNGTIDF,0.93281,0.78857,22,1,0.14424000000000003,9.4,
53,66,INEVDADGNGTIDF,0.704232,0.71373,23,1,-0.009498000000000006,9.4,
55,66,EVDADGNGTIDF,0.798939,0.739617,24,1,0.059321999999999986,9.4,
56,66,VDADGNGTIDF,0.640571,0.615166,25,1,0.02540500000000001,9.4,25
58,66,ADGNGTIDF,1.156336,1.306251,NA,1,-0.14991500000000002,9.4,
84,90,EEIREAF,0.697645,0.777309,31,1,-0.07966400000000007,9.4,
90,99,FRVFDKDGNG,1.290836,1.265312,37,1,0.025524000000000102,9.4,
91,99,RVFDKDGNG,1.222551,1.138927,39,1,0.08362399999999992,9.4,
91,103,RVFDKDGNGYISA,1.600374,1.8597,40,1,-0.25932599999999995,9.4,
93,103,FDKDGNGYISA,1.478543,1.525197,41,1,-0.04665399999999997,9.4,
94,103,DKDGNGYISA,1.346946,1.399115,42,1,-0.05216900000000013,9.4,42
104,113,AELRHVMTNL,0.732997,1.294611,46,1,-0.561614,9.4,
107,113,RHVMTNL,0.591131,0.626514,56,1,-0.03538300000000005,9.4,
114,120,GEKLTDE,0.849239,0.911438,61,1,-0.062199000000000004,9.4,
114,121,GEKLTDEE,0.981896,0.975783,62,1,0.006113000000000035,9.4,
114,124,GEKLTDEEVDE,1.253224,1.284705,63,1,-0.03148100000000009,9.4,
114,125,GEKLTDEEVDEM,1.259634,1.3615,64,1,-0.10186600000000001,9.4,
125,137,MIREADIDGDGQV,1.638776,1.582016,65,1,0.05675999999999992,9.4,
125,139,MIREADIDGDGQVNY,1.369815,1.133161,67,1,0.23665399999999992,9.4,
125,139,MIREADIDGDGQVNY,1.42532,1.443412,67,1,-0.018091999999999997,9.4,
125,141,MIREADIDGDGQVNYEE,1.469579,1.212554,68,1,0.25702500000000006,9.4,
126,133,IREADIDG,1.003354,1.03055,70,1,-0.027195999999999998,9.4,70
126,135,IREADIDGDG,1.347885,1.247192,71,1,0.10069299999999992,9.4,
126,137,IREADIDGDGQV,1.594214,1.620093,72,1,-0.025878999999999985,9.4,
126,138,IREADIDGDGQVN,1.520813,1.590545,73,1,-0.06973200000000013,9.4,
126,139,IREADIDGDGQVNY,1.361495,1.526924,74,1,-0.16542900000000005,9.4,
126,141,IREADIDGDGQVNYEE,1.299876,1.254507,75,1,0.04536899999999999,9.4,
126,142,IREADIDGDGQVNYEEF,1.575311,1.445842,76,1,0.12946899999999983,9.4,
129,139,ADIDGDGQVNY,0.936853,0.933534,77,1,0.003319000000000072,9.4,
129,141,ADIDGDGQVNYEE,1.085635,0.960642,78,1,0.12499299999999991,9.4,
2,8,ADQLTEE,0.522569,0.250341,NA,10,0.27222799999999997,9.4,
2,9,ADQLTEEQ,0.482829,0.358973,NA,10,0.12385600000000002,9.4,
6,12,TEEQIAE,0.279182,0.254371,NA,10,0.024810999999999972,9.4,
6,13,TEEQIAEF,0.388748,0.311929,1,10,0.07681899999999997,9.4,
12,19,EFKEAFSL,0.490724,0.308064,5,10,0.18266,9.4,
14,20,KEAFSLF,0.508406,0.336506,NA,10,0.1719,9.4,
18,37,SLFDKDGDGTITTKELGTVM,1.62056,1.210744,7,10,0.40981599999999996,9.4,
19,37,LFDKDGDGTITTKELGTVM,1.450495,0.920958,NA,10,0.529537,9.4,
20,29,FDKDGDGTIT,0.790117,0.656751,8,10,0.13336599999999998,9.4,8
20,30,FDKDGDGTITT,0.857713,0.764462,9,10,0.09325099999999997,9.4,
20,32,FDKDGDGTITTKE,1.214652,0.962187,NA,10,0.25246500000000005,9.4,
20,35,FDKDGDGTITTKELGT,1.451747,1.127885,10,10,0.32386199999999987,9.4,
21,29,DKDGDGTIT,0.750274,0.587862,NA,10,0.162412,9.4,
21,35,DKDGDGTITTKELGT,1.357989,1.038704,11,10,0.3192849999999998,9.4,
21,37,DKDGDGTITTKELGTVM,1.504563,1.097006,12,10,0.40755700000000017,9.4,
35,46,TVMRSLGQNPTE,1.453026,0.823407,NA,10,0.6296189999999999,9.4,
36,46,VMRSLGQNPTE,1.36462,0.816959,14,10,0.547661,9.4,
36,48,VMRSLGQNPTEAE,1.539133,0.822209,NA,10,0.7169240000000001,9.4,
36,49,VMRSLGQNPTEAEL,1.527573,0.872432,15,10,0.6551410000000001,9.4,
36,51,VMRSLGQNPTEAELQD,1.614958,1.125967,NA,10,0.48899099999999995,9.4,
37,46,MRSLGQNPTE,1.261521,0.761605,NA,10,0.4999159999999999,9.4,
38,48,RSLGQNPTEAE,1.117589,0.707969,17,10,0.40962,9.4,
38,51,RSLGQNPTEAELQD,1.237422,1.054829,19,10,0.182593,9.4,
47,55,AELQDMINE,0.574412,0.471658,20,10,0.10275400000000001,9.4,
50,66,QDMINEVDADGNGTIDF,0.936438,0.834463,21,10,0.10197500000000004,9.4,
50,66,QDMINEVDADGNGTIDF,0.906083,0.855926,21,10,0.05015700000000001,9.4,
53,66,INEVDADGNGTIDF,0.617555,0.568713,23,10,0.04884199999999994,9.4,
55,66,EVDADGNGTIDF,0.612266,0.569692,24,10,0.042574,9.4,
56,69,VDADGNGTIDFPEF,0.768232,0.619933,NA,10,0.14829900000000007,9.4,
58,66,ADGNGTIDF,0.806607,0.672977,NA,10,0.13362999999999992,9.4,
70,85,LTMMARKMKDTDSEEE,1.623099,1.199934,27,10,0.423165,9.4,
73,84,MARKMKDTDSEE,1.117495,0.839277,28,10,0.27821799999999985,9.4,28
73,85,MARKMKDTDSEEE,1.331003,1.091402,29,10,0.23960099999999995,9.4,
85,99,EIREAFRVFDKDGNG,1.338009,0.921598,33,10,0.416411,9.4,
86,93,IREAFRVF,0.537094,0.300513,NA,10,0.23658099999999999,9.4,
86,99,IREAFRVFDKDGNG,1.194921,0.837654,34,10,0.3572669999999999,9.4,
89,99,AFRVFDKDGNG,1.031472,0.823006,NA,10,0.20846599999999993,9.4,
89,103,AFRVFDKDGNGYISA,1.280508,0.857157,36,10,0.42335100000000003,9.4,
90,99,FRVFDKDGNG,0.961877,0.787479,37,10,0.17439799999999994,9.4,
90,103,FRVFDKDGNGYISA,1.242861,0.878019,38,10,0.364842,9.4,
94,103,DKDGNGYISA,1.12425,0.851213,42,10,0.273037,9.4,42
104,113,AELRHVMTNL,0.915243,0.520775,46,10,0.39446800000000004,9.4,
104,119,AELRHVMTNLGEKLTD,1.308407,0.902802,NA,10,0.4056050000000001,9.4,
104,121,AELRHVMTNLGEKLTDEE,1.194151,0.863878,48,10,0.33027299999999993,9.4,
104,124,AELRHVMTNLGEKLTDEEVDE,1.392906,1.005295,49,10,0.38761099999999993,9.4,
104,125,AELRHVMTNLGEKLTDEEVDEM,1.51333,1.063087,50,10,0.45024300000000017,9.4,
106,120,LRHVMTNLGEKLTDE,1.22455,0.905023,53,10,0.319527,9.4,
106,124,LRHVMTNLGEKLTDEEVDE,1.374404,1.100779,55,10,0.273625,9.4,
107,119,RHVMTNLGEKLTD,1.203051,0.658046,57,10,0.5450050000000001,9.4,
107,120,RHVMTNLGEKLTDE,1.30458,0.855504,58,10,0.44907600000000003,9.4,
107,121,RHVMTNLGEKLTDEE,1.237597,0.916583,59,10,0.321014,9.4,
107,125,RHVMTNLGEKLTDEEVDEM,1.209184,0.988217,NA,10,0.22096700000000002,9.4,
114,125,GEKLTDEEVDEM,0.88584,0.805457,64,10,0.08038299999999998,9.4,
125,135,MIREADIDGDG,1.102684,0.880591,NA,10,0.22209299999999998,9.4,
125,137,MIREADIDGDGQV,1.078439,0.946765,65,10,0.13167399999999996,9.4,
125,138,MIREADIDGDGQVN,1.111118,0.97891,66,10,0.1322080000000001,9.4,
125,139,MIREADIDGDGQVNY,1.032443,0.949369,67,10,0.08307399999999998,9.4,
125,141,MIREADIDGDGQVNYEE,1.056887,1.094271,68,10,-0.037384000000000084,9.4,
125,142,MIREADIDGDGQVNYEEF,1.145915,1.006909,69,10,0.13900599999999996,9.4,
126,133,IREADIDG,0.704562,0.631961,70,10,0.07260100000000003,9.4,70
126,135,IREADIDGDG,0.893121,0.785675,71,10,0.10744600000000004,9.4,
126,137,IREADIDGDGQV,1.080944,0.954733,72,10,0.12621099999999985,9.4,
126,138,IREADIDGDGQVN,1.142657,1.034413,73,10,0.108244,9.4,
129,137,ADIDGDGQV,0.584914,0.595172,NA,10,-0.01025799999999999,9.4,
129,139,ADIDGDGQVNY,0.49228,0.494423,77,10,-0.002143000000000006,9.4,
129,141,ADIDGDGQVNYEE,0.776875,0.801386,78,10,-0.02451100000000006,9.4,
2,8,ADQLTEE,0.913003,0.250341,NA,100,0.6626620000000001,9.4,
2,9,ADQLTEEQ,0.926111,0.358973,NA,100,0.567138,9.4,
6,12,TEEQIAE,0.489524,0.254371,NA,100,0.235153,9.4,
6,13,TEEQIAEF,0.633068,0.311929,1,100,0.32113899999999995,9.4,
12,19,EFKEAFSL,0.766509,0.308064,5,100,0.458445,9.4,
14,20,KEAFSLF,0.883092,0.336506,NA,100,0.546586,9.4,
18,37,SLFDKDGDGTITTKELGTVM,2.485132,1.210744,7,100,1.274388,9.4,
19,37,LFDKDGDGTITTKELGTVM,2.202112,0.920958,NA,100,1.281154,9.4,
20,29,FDKDGDGTIT,1.374881,0.656751,8,100,0.71813,9.4,8
20,30,FDKDGDGTITT,1.672126,0.764462,9,100,0.907664,9.4,
20,32,FDKDGDGTITTKE,2.617057,0.962187,NA,100,1.6548699999999998,9.4,
20,35,FDKDGDGTITTKELGT,2.039136,1.127885,10,100,0.911251,9.4,
21,29,DKDGDGTIT,1.270195,0.587862,NA,100,0.682333,9.4,
21,35,DKDGDGTITTKELGT,2.971868,1.038704,11,100,1.933164,9.4,
21,37,DKDGDGTITTKELGTVM,2.357308,1.097006,12,100,1.2603020000000003,9.4,
35,46,TVMRSLGQNPTE,2.290742,0.823407,NA,100,1.4673349999999998,9.4,
36,46,VMRSLGQNPTE,2.171575,0.816959,14,100,1.3546159999999998,9.4,
36,48,VMRSLGQNPTEAE,2.346353,0.822209,NA,100,1.5241440000000002,9.4,
36,49,VMRSLGQNPTEAEL,2.265239,0.872432,15,100,1.392807,9.4,
36,51,VMRSLGQNPTEAELQD,2.352498,1.125967,NA,100,1.2265310000000003,9.4,
37,46,MRSLGQNPTE,1.990756,0.761605,NA,100,1.2291509999999999,9.4,
38,48,RSLGQNPTEAE,2.287019,0.707969,17,100,1.57905,9.4,
38,51,RSLGQNPTEAELQD,1.754616,1.054829,19,100,0.6997869999999999,9.4,
47,55,AELQDMINE,0.833221,0.471658,20,100,0.36156299999999997,9.4,
50,66,QDMINEVDADGNGTIDF,1.128899,0.834463,21,100,0.29443600000000014,9.4,
50,66,QDMINEVDADGNGTIDF,1.344318,0.855926,21,100,0.48839199999999994,9.4,
53,66,INEVDADGNGTIDF,0.990223,0.568713,23,100,0.42150999999999994,9.4,
55,66,EVDADGNGTIDF,1.240168,0.569692,24,100,0.670476,9.4,
56,69,VDADGNGTIDFPEF,0.906979,0.619933,NA,100,0.287046,9.4,
58,66,ADGNGTIDF,1.607154,0.672977,NA,100,0.9341769999999999,9.4,
70,85,LTMMARKMKDTDSEEE,2.619844,1.199934,27,100,1.41991,9.4,
73,84,MARKMKDTDSEE,2.428462,0.839277,28,100,1.589185,9.4,28
73,85,MARKMKDTDSEEE,2.653466,1.091402,29,100,1.562064,9.4,
85,99,EIREAFRVFDKDGNG,1.723926,0.921598,33,100,0.802328,9.4,
86,93,IREAFRVF,0.747515,0.300513,NA,100,0.44700200000000007,9.4,
86,99,IREAFRVFDKDGNG,1.63747,0.837654,34,100,0.799816,9.4,
89,99,AFRVFDKDGNG,1.546556,0.823006,NA,100,0.72355,9.4,
89,103,AFRVFDKDGNGYISA,2.003281,0.857157,36,100,1.146124,9.4,
90,99,FRVFDKDGNG,1.35223,0.787479,37,100,0.564751,9.4,
90,103,FRVFDKDGNGYISA,1.897411,0.878019,38,100,1.0193919999999999,9.4,
94,103,DKDGNGYISA,2.31517,0.851213,42,100,1.4639570000000002,9.4,42
104,113,AELRHVMTNL,1.379346,0.520775,46,100,0.858571,9.4,
104,119,AELRHVMTNLGEKLTD,1.803248,0.902802,NA,100,0.900446,9.4,
104,121,AELRHVMTNLGEKLTDEE,1.68034,0.863878,48,100,0.8164619999999999,9.4,
104,124,AELRHVMTNLGEKLTDEEVDE,1.982624,1.005295,49,100,0.9773289999999999,9.4,
104,125,AELRHVMTNLGEKLTDEEVDEM,2.083739,1.063087,50,100,1.0206520000000001,9.4,
106,120,LRHVMTNLGEKLTDE,1.64937,0.905023,53,100,0.744347,9.4,
106,124,LRHVMTNLGEKLTDEEVDE,1.742662,1.100779,55,100,0.641883,9.4,
107,119,RHVMTNLGEKLTD,1.609814,0.658046,57,100,0.9517680000000001,9.4,
107,120,RHVMTNLGEKLTDE,1.921066,0.855504,58,100,1.065562,9.4,
107,121,RHVMTNLGEKLTDEE,1.795817,0.916583,59,100,0.879234,9.4,
107,125,RHVMTNLGEKLTDEEVDEM,1.552806,0.988217,NA,100,0.5645889999999999,9.4,
114,125,GEKLTDEEVDEM,1.452678,0.805457,64,100,0.6472209999999999,9.4,
125,135,MIREADIDGDG,1.419273,0.880591,NA,100,0.538682,9.4,
125,137,MIREADIDGDGQV,1.459649,0.946765,65,100,0.512884,9.4,
125,138,MIREADIDGDGQVN,1.498119,0.97891,66,100,0.519209,9.4,
125,139,MIREADIDGDGQVNY,1.303563,0.949369,67,100,0.354194,9.4,
125,141,MIREADIDGDGQVNYEE,1.354863,1.094271,68,100,0.26059199999999993,9.4,
125,142,MIREADIDGDGQVNYEEF,1.218525,1.006909,69,100,0.21161600000000003,9.4,
126,133,IREADIDG,1.135117,0.631961,70,100,0.5031559999999999,9.4,70
126,135,IREADIDGDG,1.298161,0.785675,71,100,0.5124859999999999,9.4,
126,137,IREADIDGDGQV,1.656132,0.954733,72,100,0.7013989999999999,9.4,
126,138,IREADIDGDGQVN,1.839236,1.034413,73,100,0.8048230000000001,9.4,
129,137,ADIDGDGQV,1.035055,0.595172,NA,100,0.439883,9.4,
129,139,ADIDGDGQVNY,1.122343,0.494423,77,100,0.62792,9.4,
129,141,ADIDGDGQVNYEE,1.550679,0.801386,78,100,0.7492929999999999,9.4,
